[
  {
    "Constant" : [

    ],
    "submodules" : [

    ],
    "Function" : [

    ],
    "Variable" : [

    ],
    "stripped_doc" : [

    ],
    "desc" : "Use Bing daily picture as your wallpaper, automatically.",
    "type" : "Module",
    "Deprecated" : [

    ],
    "Constructor" : [

    ],
    "doc" : "Use Bing daily picture as your wallpaper, automatically.\n\nDownload: [https:\/\/github.com\/Hammerspoon\/Spoons\/raw\/master\/Spoons\/BingDaily.spoon.zip](https:\/\/github.com\/Hammerspoon\/Spoons\/raw\/master\/Spoons\/BingDaily.spoon.zip)",
    "items" : [

    ],
    "Command" : [

    ],
    "Method" : [

    ],
    "Field" : [

    ],
    "name" : "BingDaily"
  }
]