[
  {
    "Constant" : [

    ],
    "submodules" : [

    ],
    "Function" : [

    ],
    "Variable" : [

    ],
    "stripped_doc" : [

    ],
    "Deprecated" : [

    ],
    "type" : "Module",
    "desc" : "Just another clock, floating above all",
    "Constructor" : [

    ],
    "doc" : "Just another clock, floating above all\n\nDownload: [https:\/\/github.com\/Hammerspoon\/Spoons\/raw\/master\/Spoons\/AClock.spoon.zip](https:\/\/github.com\/Hammerspoon\/Spoons\/raw\/master\/Spoons\/AClock.spoon.zip)",
    "Field" : [

    ],
    "items" : [
      {
        "doc" : "Show AClock, if already showing, just hide it.",
        "stripped_doc" : [
          "Show AClock, if already showing, just hide it."
        ],
        "def" : "AClock:toggleShow()",
        "parameters" : [

        ],
        "notes" : [

        ],
        "signature" : "AClock:toggleShow()",
        "type" : "Method",
        "returns" : [

        ],
        "name" : "toggleShow",
        "desc" : "Show AClock, if already showing, just hide it."
      }
    ],
    "Method" : [
      {
        "doc" : "Show AClock, if already showing, just hide it.",
        "stripped_doc" : [
          "Show AClock, if already showing, just hide it."
        ],
        "def" : "AClock:toggleShow()",
        "parameters" : [

        ],
        "notes" : [

        ],
        "signature" : "AClock:toggleShow()",
        "type" : "Method",
        "returns" : [

        ],
        "name" : "toggleShow",
        "desc" : "Show AClock, if already showing, just hide it."
      }
    ],
    "Command" : [

    ],
    "name" : "AClock"
  }
]